,City,Country,Lat,Lon,Temp_F,Humidity(%),Cloudiness(%),Wind Speed (mph)
0,rikitea,pf,-33.52002980328014,-118.9936444852294,77.75,100.0,64.0,14.25
1,kapaa,us,25.27665494232501,-171.82685347179876,67.93,100.0,90.0,17.22
2,bredasdorp,za,-67.80855905383214,17.84211403080738,66.2,63.0,0.0,13.87
3,butaritari,ki,20.91418616092598,179.96574156675922,82.97,98.0,88.0,17.16
4,guerrero negro,mx,13.627682173449898,-129.1111704793836,76.22,38.0,92.0,4.41
5,isangel,vu,-22.732075158356906,175.39028162683883,78.29,100.0,76.0,9.66
6,jamestown,sh,-46.364716037841205,-13.032887958056648,74.42,100.0,88.0,14.47
7,severo-kurilsk,ru,45.1386985837639,158.60523397446826,23.84,100.0,48.0,9.1
9,mar del plata,ar,-41.317301326839534,-51.79427624142596,68.12,39.0,36.0,27.0
10,te anau,nz,-43.4866162435606,163.87616950439354,34.46,81.0,88.0,2.51
11,albany,au,-73.73486908662166,100.69035036384321,64.16,90.0,92.0,12.01
13,andros town,bs,24.013713063736276,-77.62868118207747,75.2,50.0,40.0,8.05
14,adrar,dz,26.64389305318747,-0.5298492654558231,60.8,12.0,0.0,18.34
15,hobart,au,-83.4048880957915,142.4757323624117,55.4,87.0,75.0,4.7
16,bluff,nz,-87.1141700112384,157.55620819601899,52.91,100.0,88.0,13.35
17,bozdar,pk,26.993157579907447,68.88950835344076,74.33,40.0,0.0,7.76
18,bocana de paiwas,ni,13.05716364127494,-84.50413165513552,80.09,71.0,36.0,14.58
20,kizema,ru,60.62265199196591,45.1991115334196,11.51,75.0,76.0,11.34
21,narsaq,gl,85.01911897626587,-63.90787843309239,33.8,69.0,75.0,10.29
22,ossora,ru,58.526781346789164,164.91715174099636,7.82,88.0,64.0,10.67
23,ushuaia,ar,-64.63471853619555,-65.73565507821846,58.19,76.0,75.0,21.92
24,puerto ayora,ec,-6.722912926774043,-113.447041959107,86.0,62.0,40.0,14.99
25,ilanskiy,ru,56.111200236783645,95.94494090514831,16.91,78.0,36.0,2.95
27,bosobolo,cd,4.235835722670487,19.43892605200631,72.35,94.0,8.0,3.06
28,hilo,us,15.0720396858529,-155.04429271983412,77.0,69.0,90.0,9.17
30,vredendal,za,-31.31007931305986,17.485161851031734,71.0,57.0,0.0,4.18
31,petropavlovsk-kamchatskiy,ru,52.17423033813921,159.81035585039416,14.0,61.0,0.0,8.95
32,namatanai,pg,1.0988198241524856,158.25043573967088,83.24,97.0,68.0,14.03
33,aklavik,ca,81.27400618991723,-144.23284104164628,2.35,77.0,75.0,4.7
35,beringovskiy,ru,52.1345826788332,178.61162457520606,32.66,96.0,92.0,26.55
38,bashtanka,ua,47.48659434568415,32.29651916375704,9.08,64.0,0.0,2.62
39,atuona,pf,4.672507802903013,-137.61800689313537,81.89,99.0,76.0,16.71
40,yellowknife,ca,84.86085308190033,-110.06435637926421,-4.01,53.0,20.0,5.82
42,peleduy,ru,60.975057009821256,112.56503800871172,11.06,68.0,44.0,2.84
45,khatanga,ru,78.69368082674652,108.10960371546605,-16.04,47.0,44.0,4.52
46,manokwari,id,3.015747353142885,134.4212557382702,82.79,98.0,44.0,17.72
47,nantucket,us,39.05879512176995,-65.94303077059642,35.58,93.0,90.0,17.22
48,kirakira,sb,-13.762232401216394,161.83825838955477,83.51,100.0,88.0,20.4
50,harwich,us,41.7036244829049,-68.53708916831837,36.07,93.0,90.0,21.92
52,barrow,us,87.76980224477623,-161.2287274058845,48.78,37.0,90.0,3.36
53,sao filipe,cv,9.180969136928496,-29.496550388313864,73.16,86.0,0.0,18.39
54,jatibarang,id,-6.442217261704926,108.27186045139354,68.66,98.0,0.0,2.39
55,ponta do sol,cv,20.942466718265834,-26.45224553093007,70.64,100.0,0.0,22.64
56,capao bonito,br,-23.882535630271377,-48.25709216307021,74.6,77.0,64.0,8.32
57,jashpurnagar,in,22.76654356699919,84.13885605625154,65.87,77.0,8.0,4.29
58,pevek,ru,79.61304685908098,173.43948558089596,1.34,90.0,88.0,0.94
60,vardo,no,83.78663041860611,37.01996918020632,16.25,92.0,90.0,24.16
63,saint-joseph,re,-27.95941180957505,55.79096318394991,77.83,78.0,0.0,9.17
64,korla,cn,35.67506155267152,86.98649692666197,36.71,68.0,0.0,2.95
65,pundaguitan,ph,5.7821114514898255,126.73151597314961,76.49,100.0,76.0,7.99
68,punta arenas,cl,-86.19150087802234,-118.87594872713913,53.6,46.0,0.0,18.34
69,baruun-urt,mn,47.805368101079495,115.20458797614873,22.31,64.0,0.0,8.88
71,ilulissat,gl,73.13494195428308,-42.96179290734014,1.4,84.0,75.0,11.41
72,chokurdakh,ru,72.15045037979212,145.61883942456626,-20.0,29.0,76.0,3.74
73,vaini,to,-75.15983593699309,-177.74145648211586,73.4,100.0,75.0,4.74
75,bud,no,67.51621239182029,6.070916028068609,36.82,86.0,0.0,8.05
76,umm bab,qa,25.161055440986814,50.86078955177018,67.94,57.0,0.0,7.65
78,qaanaaq,gl,87.05830798164865,-93.7891767323237,-17.93,100.0,32.0,4.29
79,kamogawa,jp,34.661110618093275,140.1872722805527,53.6,58.0,75.0,14.99
80,hofn,is,69.47813641532423,-11.893381884601837,39.2,93.0,20.0,6.93
81,hermanus,za,-53.024144514455195,10.51601847426366,67.58,56.0,0.0,8.21
82,lagoa,pt,42.937230249435686,-29.295192267283994,57.2,62.0,0.0,20.8
83,caravelas,br,-19.748255696721557,-27.109556264362908,82.88,99.0,0.0,14.47
84,lilongwe,mw,-14.522171929297713,33.17392334401012,68.57,88.0,8.0,4.97
85,okha,ru,55.302160674934385,143.1344328926515,5.57,75.0,0.0,10.56
88,kodiak,us,40.83706851129497,-154.23567316504045,64.4,27.0,1.0,14.99
90,safranbolu,tr,41.141760381410734,33.244882024354354,45.98,90.0,92.0,2.62
91,lebu,cl,-38.004407630327364,-95.61111510574077,62.9,96.0,32.0,22.3
93,gemena,cd,2.682674341256103,19.769535187805047,69.83,97.0,68.0,1.61
94,yumen,cn,41.318032547971086,97.35176561888858,36.98,56.0,0.0,6.31
95,san patricio,mx,16.445362183149086,-105.7396339341987,86.0,70.0,5.0,11.41
97,busselton,au,-46.01787492318291,87.93353221245155,66.14,100.0,36.0,16.6
98,belvedere marittimo,it,39.269260767451186,15.292889836837873,28.4,100.0,90.0,9.17
99,cape town,za,-70.46700554283137,-3.2996736692607556,66.2,63.0,0.0,12.75
100,mahebourg,mu,-41.68824753956383,75.24881102512708,80.6,78.0,40.0,6.93
101,east london,za,-77.15995718547633,52.475276204233296,62.6,93.0,40.0,4.7
103,pulo,ph,14.923306797587173,121.13985954013066,78.8,78.0,75.0,4.7
105,fukue,jp,33.62386851832251,125.08403818819676,46.4,75.0,20.0,27.51
106,chumikan,ru,54.60420928274547,137.180842770205,5.57,50.0,0.0,1.72
107,ocos,gt,10.013456218637117,-95.46949978318985,95.0,36.0,20.0,11.41
109,tamiahua,mx,21.291201545915968,-96.58326914174393,75.68,95.0,88.0,7.99
110,cabo san lucas,mx,7.218535678196247,-120.57787834436161,82.49,39.0,20.0,12.75
112,sembe,cg,1.1069171570933207,14.783599289230011,79.19,79.0,56.0,2.39
113,nikolskoye,ru,42.94398547428793,174.67077699934174,32.0,95.0,75.0,8.95
115,bambous virieux,mu,-32.05504050905568,71.28445194604487,80.6,78.0,40.0,6.93
116,kapit,my,1.0653187733348517,112.91335380528085,72.17,96.0,76.0,2.28
118,oceanside,us,33.00020488225712,-117.76724282478665,64.42,88.0,75.0,5.82
119,inirida,co,4.488434716068781,-68.60803302278825,73.7,99.0,92.0,1.95
120,souillac,mu,-24.27904911920713,59.58711851980601,80.6,78.0,40.0,6.93
122,hithadhoo,mv,-7.336243779018673,79.464785039996,83.33,100.0,64.0,10.78
123,cossato,it,45.619840018866284,8.246210727735217,36.07,56.0,0.0,3.36
124,moissala,td,7.78100248666469,17.78615322696072,76.4,80.0,56.0,10.67
126,gorin,ru,51.67907088847318,137.88113086188963,7.01,69.0,8.0,3.62
127,dikson,ru,83.36796821483065,83.20528026109002,-10.55,90.0,20.0,28.9
128,tiksi,ru,88.03941882884436,130.90353520542527,-4.25,65.0,76.0,2.84
130,solnechnyy,ru,60.40885589328127,137.1895846466076,7.01,69.0,8.0,3.62
131,longyearbyen,sj,83.39387587120572,25.61260248114229,12.2,61.0,40.0,20.8
132,winnemucca,us,40.97921230990519,-118.37382323544776,51.8,76.0,90.0,19.46
133,itarema,br,1.6488887965671921,-37.083904893378644,81.08,97.0,44.0,9.66
134,palmer,us,60.74507470118405,-147.221673879494,24.8,45.0,1.0,8.05
135,gunjur,gm,13.117126554451417,-16.805360410703628,78.8,47.0,24.0,8.05
136,poum,nc,-17.711756849579714,161.7099807302348,80.36,100.0,24.0,12.35
138,ahipara,nz,-36.87623099414874,171.14592615101498,62.45,100.0,76.0,4.97
139,sydney,au,-35.45660081170234,154.08294641602168,65.8,60.0,75.0,14.99
140,port augusta,au,-30.910368539000856,138.4421800468836,60.8,77.0,0.0,3.36
142,morondava,mg,-18.59812157512053,42.405438710329065,82.97,82.0,8.0,7.65
143,tasiilaq,gl,63.5592256926401,-35.79136261938831,28.4,86.0,75.0,4.7
153,chuy,uy,-55.2363074771904,-28.19670514618511,73.43,83.0,0.0,4.97
154,bocas del toro,pa,10.488972948277706,-81.72481041439397,82.52,95.0,0.0,11.68
156,bandarbeyla,so,8.153703939839758,53.874103760404296,78.47,100.0,0.0,6.42
157,gumla,in,22.898586880120646,84.6150316863463,63.26,84.0,0.0,3.29
158,mineral wells,us,32.662198176833925,-98.17106333398391,76.98,34.0,1.0,24.16
159,nauta,pe,-4.010600351061768,-74.34566661556775,85.4,79.0,64.0,3.74
160,saint-philippe,re,-48.08622574993012,63.014351086804766,77.85,78.0,0.0,9.17
164,amalapuram,in,13.638646384784295,84.1961872403595,80.9,83.0,64.0,7.65
165,cidreira,br,-50.05831305217027,-31.32388958863058,76.49,70.0,0.0,7.31
166,surovikino,ru,48.679137483051136,43.07511546258763,29.24,92.0,68.0,17.38
168,kondinskoye,ru,60.923511190998795,67.52338712133485,14.66,82.0,80.0,10.45
174,fairbanks,us,67.18495418207806,-144.6256079263659,2.57,84.0,1.0,5.64
176,new norfolk,au,-56.22811659079148,137.55241787987978,55.4,87.0,75.0,4.7
178,cacoal,br,-10.780073937080772,-60.98157492951778,89.09,68.0,20.0,2.95
179,saldanha,za,-36.828462059021604,9.407013206967065,69.8,37.0,0.0,5.82
180,provideniya,ru,44.692549677985596,-178.46798269800607,32.39,96.0,92.0,37.18
181,duminichi,ru,53.898741421071094,34.9193311281239,19.61,79.0,24.0,9.78
184,yar-sale,ru,74.7176921236917,70.37358639112182,-23.06,34.0,0.0,10.45
185,buraydah,sa,28.737434126422556,42.84743178447613,77.0,31.0,0.0,11.41
186,victoria,sc,-11.238816386254797,56.47540995097543,78.8,88.0,0.0,2.24
187,norman wells,ca,63.40429416044802,-129.89332759054545,1.4,77.0,75.0,4.7
188,yerbogachen,ru,63.83465450407991,108.66894414641257,22.22,88.0,76.0,4.63
191,saint george,bm,36.38762667211839,-62.870499927055675,68.0,64.0,75.0,20.8
193,avarua,ck,-24.25062422478416,-162.885117792573,82.4,78.0,40.0,8.05
195,sola,vu,-15.077081436212211,169.02793272577298,77.75,100.0,92.0,13.02
196,valparaiso,cl,-31.19865789510348,-79.18874937392063,71.44,33.0,0.0,9.17
198,san policarpo,ph,12.700658894265374,128.99283215793628,76.67,100.0,64.0,8.66
200,hobyo,so,2.0348042294440916,53.77911408993219,80.36,86.0,24.0,6.76
203,samarai,pg,-14.724121583223365,155.43458801969751,79.37,100.0,48.0,6.31
204,faanui,pf,-5.607702169330096,-150.53920093141957,82.52,99.0,56.0,10.89
207,sitka,us,48.72531076820124,-140.57975566284037,65.78,51.0,8.0,7.65
208,teya,ru,64.44456559480739,92.65782173607789,15.2,83.0,56.0,2.39
209,marawi,sd,18.50532779780903,27.43754487267566,80.72,21.0,0.0,2.73
210,lorengau,pg,3.8495670425572257,148.63232274781058,83.33,96.0,48.0,16.26
212,san andres,co,14.950315345984123,-80.00234178662684,86.0,66.0,75.0,13.87
214,tuktoyaktuk,ca,70.82823522512572,-133.32306031328025,-2.35,76.0,20.0,8.05
215,thompson,ca,67.87600561141403,-99.13777732667542,10.4,55.0,20.0,9.17
217,pacific grove,us,29.431990937078353,-133.82829365558516,59.86,87.0,75.0,8.05
218,mastic beach,us,39.8948472639363,-72.83825497165826,47.21,45.0,1.0,18.34
221,yekaterinovka,ru,51.97334928984847,44.34899289600594,27.8,86.0,12.0,7.54
222,bagar,in,28.314730586863263,75.44256761677406,67.85,55.0,0.0,7.65
223,batticaloa,lk,8.91209378850536,84.36708078115669,76.49,100.0,12.0,3.18
225,nanortalik,gl,58.610219770348124,-45.27559932061098,29.15,97.0,0.0,32.82
226,kaitangata,nz,-76.61698569931644,179.38938086809947,46.7,93.0,92.0,5.41
230,kremenki,ru,54.917361414050674,37.172290778297224,24.8,85.0,75.0,11.18
231,rio gallegos,ar,-52.820392768461645,-68.55869212778886,57.2,50.0,40.0,16.11
233,kavaratti,in,9.214190541832778,67.74845418553338,83.6,100.0,0.0,9.78
235,kirsanov,ru,52.44481788704397,42.901823678159104,25.73,91.0,80.0,13.02
236,walvis bay,na,-25.541283470931063,5.944223116471306,59.0,82.0,0.0,3.36
237,mount darwin,zw,-15.631303162186896,31.934094514350875,71.0,87.0,24.0,2.95
239,mana,gf,11.387590349878906,-52.27235402489852,82.07,72.0,64.0,5.64
243,shelburne,ca,41.2368580653536,-64.918591511466,35.83,52.0,1.0,9.17
254,saint-augustin,ca,52.123751751500095,-57.9620502419248,38.55,41.0,75.0,9.17
255,castro,cl,-52.87284963068804,-102.4411284119285,55.79,98.0,92.0,9.44
257,hasaki,jp,23.086399242813826,154.45923976322962,48.85,87.0,75.0,4.7
260,richards bay,za,-33.19441602510414,37.90480391924922,66.95,99.0,92.0,8.66
261,wanning,cn,17.591585917738684,109.60746578327337,70.19,100.0,100.0,10.33
263,kalaleh,ir,38.229297548487295,56.287580070945125,50.57,58.0,0.0,4.41
264,biak,id,2.4365360294587077,137.4277327342075,74.87,100.0,88.0,2.28
265,beloha,mg,-26.969028668164242,44.4159943289109,76.22,85.0,68.0,13.24
266,pimentel,pe,-8.812476926108516,-83.87752929367375,80.6,65.0,20.0,13.87
271,bathsheba,bb,22.6057382242266,-43.38452678802784,82.4,74.0,40.0,24.16
274,yichang,cn,30.58718757658552,110.89489357570284,47.96,86.0,0.0,2.06
275,miraflores,co,-0.8830716755608705,-72.30457969625026,63.8,74.0,64.0,2.39
278,havre,us,48.767978109026615,-110.44323736649089,33.8,80.0,1.0,26.4
279,paamiut,gl,63.557645204660616,-49.60174883684843,24.56,100.0,12.0,34.72
280,talnakh,ru,86.53453708170187,92.25424179198848,-26.66,40.0,0.0,4.18
281,zhengjiatun,cn,43.723140123267854,122.99385077179818,30.32,65.0,8.0,9.78
283,khash,ir,28.599587268318544,60.824336707055096,50.03,37.0,0.0,3.51
284,ambanja,mg,-13.50846953056184,48.63832469206153,71.27,99.0,76.0,2.28
286,barranca,pe,-4.705665470567254,-77.22697358109443,67.85,98.0,92.0,2.73
287,leh,in,35.409542447318955,78.39317548346366,2.87,73.0,76.0,1.39
290,claresholm,ca,50.049036858773945,-113.45303530321092,26.6,92.0,90.0,5.82
291,manaus,br,-0.9918454286296452,-60.15486208687109,88.72,66.0,40.0,5.82
292,carnarvon,au,-24.245826123748813,116.94798142511064,79.64,91.0,8.0,11.34
294,krasnokamensk,ru,54.36913756741464,93.20795644198193,16.82,70.0,0.0,5.75
296,shingu,jp,32.023390886357134,137.2880910501376,48.14,100.0,0.0,16.6
301,lavrentiya,ru,73.70072221562373,-168.1499991554915,29.96,96.0,92.0,36.28
302,srandakan,id,-11.326663165127584,108.53181475541697,72.98,96.0,8.0,2.84
303,kahului,us,23.575987102933325,-153.75166299090503,71.22,69.0,40.0,17.22
304,ambilobe,mg,-11.72285562771448,50.457697056835514,73.16,98.0,80.0,4.18
305,mirnyy,ru,62.31953604656235,113.61474521631175,24.11,83.0,44.0,13.02
306,kirkwall,gb,59.309339847774424,-2.8571445790348093,44.6,81.0,40.0,8.05
308,batagay,ru,67.47674842743538,135.02454495559545,-13.25,40.0,48.0,2.95
309,gewane,et,10.51817293848417,40.49026781824526,77.84,23.0,8.0,9.22
311,oistins,bb,11.752948872688492,-56.1915856936741,82.4,74.0,40.0,24.16
312,booue,ga,-0.22965879143661994,12.019603050544333,78.29,87.0,44.0,3.29
314,thinadhoo,mv,0.7837378812671432,68.48009936959585,84.77,98.0,76.0,12.68
316,savannah bight,hn,17.871330610121532,-84.3469655546576,79.55,99.0,92.0,11.9
317,coihaique,cl,-50.67782981614016,-81.65010332339173,52.41,71.0,75.0,6.93
319,rocha,uy,-36.48419727400653,-52.15052366246583,73.16,54.0,0.0,5.75
320,carsamba,tr,41.656462858220294,36.811478762071545,48.2,93.0,90.0,5.82
326,leningradskiy,ru,89.98842115802648,179.1904007074035,6.29,88.0,68.0,3.62
329,sao joao da barra,br,-31.380030602757692,-24.568776641428173,77.0,88.0,90.0,6.93
334,hambantota,lk,2.98757625172928,82.70003013552952,80.9,100.0,8.0,11.23
335,key largo,us,25.205216875473496,-79.99410019278403,71.6,28.0,1.0,12.75
336,orlik,ru,53.008736511333154,99.97155494302814,27.26,74.0,0.0,5.41
339,oranjestad,aw,15.02826253592012,-69.85595395571941,87.8,70.0,40.0,20.8
343,noumea,nc,-25.210866273817942,165.53043470322808,69.8,94.0,0.0,9.89
344,mont-dore,nc,-23.228389131870003,166.5390031605541,69.8,94.0,0.0,5.64
346,saint-junien,fr,46.18958404966,0.9512299201614667,40.17,64.0,75.0,4.7
347,betong,th,5.91004515301519,101.00710796098701,67.58,92.0,32.0,2.39
348,mackay,au,-20.892075072730663,150.79017184916688,78.8,78.0,75.0,17.22
350,horsham,au,-35.88146952093127,141.2569645159445,62.72,66.0,12.0,11.56
352,khromtau,kz,50.10581273497385,58.41170102059482,23.57,87.0,80.0,18.95
361,necochea,ar,-50.81586180750522,-54.18748778287289,71.9,67.0,68.0,17.05
369,nuuk,gl,59.839501955849045,-54.7428281339883,12.2,85.0,90.0,14.99
371,yulara,au,-26.102434532603255,123.57496390898689,69.8,30.0,0.0,8.05
372,lompoc,us,17.374275054246652,-133.39147843748503,59.0,93.0,90.0,6.93
374,sinnamary,gf,16.51132581113245,-45.74125360513082,81.53,89.0,36.0,12.35
375,sabinas hidalgo,mx,26.35923806610917,-99.79760583800767,70.73,64.0,88.0,7.43
378,boueni,yt,-12.985252710530801,44.9421682031182,80.6,88.0,0.0,5.82
379,dudinka,ru,70.72735125632286,85.31053085618191,-29.54,0.0,0.0,2.95
382,kavieng,pg,12.847428193200841,155.6148995725107,84.95,97.0,68.0,13.58
383,filingue,ne,14.4857580277058,2.902440597559462,89.9,23.0,12.0,6.64
385,havelock,us,32.83156449496067,-72.88632249655836,53.89,37.0,5.0,12.75
388,moron,cu,22.82797163937221,-78.3648661125079,75.2,53.0,20.0,12.75
392,clyde river,ca,72.42010853466203,-75.70890769659482,-14.81,62.0,75.0,9.17
393,marrakesh,ma,29.443446855954576,-5.192083604181818,60.8,14.0,0.0,8.05
395,honningsvag,no,71.85763274117446,25.78956544872875,20.16,85.0,75.0,19.46
396,urucara,br,-1.4616747724976733,-57.52359154772148,83.42,81.0,80.0,2.84
399,grand forks,ca,48.64850165317321,-118.37944363554053,42.8,87.0,90.0,2.24
400,svetlogorsk,ru,67.36825583890464,94.32540779682688,24.8,73.0,90.0,15.66
402,port lincoln,au,-46.89149341594102,131.53280386403208,59.93,100.0,0.0,7.54
405,kovur,in,14.202120585945863,80.97810158720443,76.04,78.0,20.0,3.4
406,broome,au,-22.23520319596308,125.60503626812692,86.0,84.0,40.0,12.75
409,upernavik,gl,86.49836755629315,-55.17909885567019,-11.45,100.0,32.0,5.53
410,deputatskiy,ru,70.88994057271154,138.6347962294256,-15.77,44.0,64.0,4.97
411,takhtamygda,ru,52.90223692569623,123.33452610157815,14.66,79.0,12.0,2.51
412,okhotsk,ru,61.03537471068796,141.69182352813635,3.32,100.0,0.0,2.51
416,the valley,ai,23.326606141258026,-62.95324957400753,80.6,69.0,20.0,13.87
418,karlsfeld,de,48.191717759273445,11.430669197462777,30.87,86.0,75.0,11.41
425,moerai,pf,-22.018632735307406,-150.13408112919956,79.82,100.0,0.0,9.66
428,pathein,mm,18.1467052799228,93.41246769180259,69.83,92.0,0.0,4.97
430,athabasca,ca,57.52892947204626,-112.15256494436784,31.22,90.0,88.0,18.95
431,mnogovershinnyy,ru,54.291984593408074,138.07753373895832,0.17,52.0,0.0,2.17
434,itamaraca,br,-7.995645955242438,-32.82095395017197,84.2,70.0,75.0,8.05
435,georgetown,sh,-7.047353708696917,-6.971879329660879,79.1,100.0,92.0,11.56
440,berlevag,no,87.68910728814515,33.223237223863265,20.46,68.0,75.0,25.28
443,port blair,in,12.71179207730323,93.50551908753681,82.79,100.0,0.0,5.64
446,camacha,pt,37.32409627253719,-15.811615999126701,59.0,62.0,40.0,8.05
448,bethel,us,48.13734489055838,-162.8205222407665,15.8,78.0,1.0,5.82
449,arraial do cabo,br,-30.70164269123714,-37.205539009809286,80.06,83.0,75.0,9.17
450,eureka,us,40.228699051269615,-141.34269714116945,47.3,70.0,75.0,5.75
452,husavik,is,73.66373053386954,-13.303864622908208,39.2,91.0,40.0,11.41
453,pitsunda,ge,42.334887161774475,40.391868560892874,48.2,93.0,90.0,2.24
458,twentynine palms,us,34.943618967111234,-116.11910812855297,75.9,35.0,75.0,33.33
462,hamilton,bm,34.39403997477919,-68.40268766439854,68.0,64.0,75.0,20.8
466,pangody,ru,68.25293893642544,73.5740851020565,-34.13,0.0,0.0,3.18
467,esperance,au,-39.62821571295601,122.77286217436341,65.78,94.0,20.0,12.57
471,parabel,ru,58.852258097600355,82.1679113172147,23.93,88.0,80.0,6.2
473,geraldton,au,-34.00814576530024,87.07995376012678,68.0,88.0,24.0,12.75
474,port moresby,pg,-11.99354287870213,145.6846940670722,73.4,100.0,1.0,2.24
475,sakaiminato,jp,36.29891174683948,133.342842538402,33.8,86.0,40.0,8.05
476,srednekolymsk,ru,73.202119897557,154.70409193071504,-20.99,30.0,44.0,2.62
481,darayya,sy,33.44817298646578,36.262401367655855,66.2,19.0,0.0,6.93
486,vallenar,cl,-28.683021852191338,-71.06884513532012,73.7,69.0,0.0,2.84
490,matara,lk,-4.743373307273657,83.72342596237365,79.82,97.0,20.0,8.43
493,batemans bay,au,-36.500714739938026,151.18624861479765,62.54,100.0,100.0,5.75
495,shitanjing,cn,39.70719584457257,105.31080484984977,21.92,68.0,0.0,2.17
496,nishihara,jp,21.79478039863946,134.50675053991756,49.41,61.0,90.0,9.17
500,port elizabeth,za,-75.48954696960601,35.404312453802675,66.2,72.0,90.0,9.17
501,torbay,ca,48.84357468236121,-46.609813738845986,29.59,92.0,90.0,23.04
503,moranbah,au,-22.641983362084048,146.8224605806161,69.21,93.0,88.0,14.03
505,los llanos de aridane,es,25.118177475339962,-19.80171593729395,62.6,59.0,40.0,17.22
506,pedernales,do,15.177466415991375,-72.47003094783132,91.4,52.0,40.0,5.82
507,gaoua,bf,9.705964435460501,-3.6533127911104373,79.34,83.0,56.0,2.17
509,port alfred,za,-70.14307398376148,38.97886331567358,66.96,90.0,24.0,10.78
512,millinocket,us,45.898359097713694,-69.51351164403295,35.31,51.0,90.0,18.34
514,buala,sb,-2.725605573338754,162.82388952103543,81.95,95.0,20.0,7.76
515,istanbul,tr,40.8452306865959,29.097619308175524,43.66,81.0,75.0,20.8
520,mombetsu,jp,44.6865840199506,143.94173884513475,26.69,100.0,92.0,14.47
522,henties bay,na,-22.656613061214813,10.481221941240676,63.59,96.0,0.0,2.73
524,saint-leu,re,-22.45161279014846,53.88175325895375,77.86,78.0,0.0,9.17
525,kimbe,pg,-5.425461535015501,151.30898356595696,79.74,100.0,8.0,4.52
529,trat,th,11.179672710164354,102.51255828515241,77.94,100.0,76.0,3.4
532,brownwood,us,31.08060339774788,-99.26265611101232,74.71,47.0,1.0,19.46
539,wahiawa,us,23.676470124361273,-157.75265222667664,73.42,78.0,75.0,9.17
549,ilhabela,br,-24.634681970554624,-44.96405763243442,75.51,100.0,80.0,13.24
550,lincoln,ar,-35.51623222106544,-62.36628522162833,79.07,50.0,0.0,10.78
554,chaman,pk,30.725534208620843,66.18889652464955,37.67,74.0,0.0,2.39
556,sao miguel do araguaia,br,-13.673868465214014,-50.87562526770492,83.57,76.0,36.0,2.95
559,bambanglipuro,id,-13.625037731726835,109.41369649941277,70.25,97.0,12.0,2.95
560,christchurch,nz,-51.21831731987149,179.57898944973056,48.2,87.0,92.0,3.4
565,gamba,ga,-7.58501687115988,3.274378645498217,82.26,100.0,92.0,6.98
566,ust-nera,ru,62.53779464002682,140.38830494145594,-27.59,38.0,32.0,2.06
570,chikwawa,mw,-15.90647001244831,34.78589131782712,78.21,82.0,64.0,6.42
575,markova,ru,58.28786811057799,106.31625350599188,26.6,73.0,0.0,6.71
579,dingle,ie,50.56115493616147,-11.51014202824308,46.94,97.0,48.0,14.81
581,monrovia,lr,3.336743623903331,-12.096692631995296,82.4,78.0,40.0,4.7
591,kidal,ml,18.302543676549263,1.4775161221928386,65.34,15.0,8.0,13.91
594,sidi ali,dz,36.24077974711852,0.6764378565627567,36.81,92.0,0.0,3.96
595,kalianget,id,-7.296593511123149,113.81117454873464,71.55,100.0,64.0,2.95
597,bady bassitt,br,-20.991792457271686,-49.478218772469944,91.4,41.0,75.0,3.36
598,rikitea,pf,-21.455422784393818,-138.32536818410364,78.62,100.0,80.0,12.8
599,caravelas,br,-18.040219615305006,-37.444242543131196,82.62,99.0,24.0,16.26
600,busselton,au,-49.08079247148238,92.43154218101864,65.75,100.0,44.0,16.15
601,punta arenas,cl,-53.17369209657817,-70.78872377178922,53.6,46.0,0.0,18.34
602,sarangani,ph,4.546741609938451,124.90062985601838,79.7,100.0,64.0,3.4
603,zabol,ir,30.538214234271322,60.565426342184054,62.6,25.0,0.0,9.17
604,bluff,nz,-82.64258277090259,155.92690013045632,53.64,100.0,88.0,12.12
605,tuktoyaktuk,ca,84.70314343501559,-125.68847077504317,-0.08,76.0,20.0,5.82
606,sorland,no,73.09851425300579,5.454072799613698,26.6,79.0,0.0,2.24
607,jamestown,sh,-23.100784744106747,-17.881667918061737,74.12,100.0,68.0,14.25
608,kwinana,au,-31.827647777270236,113.6351115025758,62.01,88.0,0.0,9.17
609,vardo,no,77.79627607264442,35.40570266393644,16.23,92.0,90.0,24.16
610,aswan,eg,23.14977380208302,34.05594837229802,91.4,18.0,0.0,4.7
611,cabo san lucas,mx,9.493921203977294,-124.48356239287467,82.51,39.0,20.0,12.75
612,san jose,gt,7.930055588569061,-92.41075300051662,79.74,72.0,48.0,3.4
613,rikitea,pf,-69.35702608402077,-123.76155145331828,78.62,100.0,80.0,12.8
614,mehamn,no,79.21301062418385,29.52402619949038,21.9,85.0,90.0,16.11
615,punta arenas,cl,-66.35656558289264,-94.80701632027201,53.6,46.0,0.0,18.34
616,pevek,ru,68.03971862232294,169.6681107138093,3.2,92.0,88.0,2.39
617,manaskent,ru,42.77924649324572,47.625409982094055,44.6,93.0,80.0,13.42
618,awjilah,ly,27.501427103117237,19.05429424085702,67.86,43.0,48.0,18.5
619,mishkino,ru,55.08459411023108,64.08443350255916,23.0,41.0,0.0,4.47
620,west lorne,ca,42.64925567507791,-81.45120929710444,35.6,55.0,75.0,13.87
621,pisco,pe,-19.056999292271215,-84.41181519527876,73.4,73.0,0.0,9.17
622,khatanga,ru,78.81733260468735,105.67102853103535,-17.28,50.0,44.0,3.4
623,punta arenas,cl,-85.13095875446058,-109.3897560967467,53.6,46.0,0.0,18.34
624,lake cowichan,ca,48.63841860204582,-124.576814067581,45.14,65.0,90.0,8.05
625,new norfolk,au,-86.2362316258129,128.2673118707471,55.4,87.0,75.0,6.93
626,ushuaia,ar,-82.22204035399899,-58.62917352841603,58.19,76.0,75.0,21.92
627,east london,za,-49.8093586392369,41.46794233101113,69.3,100.0,68.0,13.24
628,busselton,au,-54.907145861074895,82.23046354418807,65.75,100.0,44.0,16.15
629,calera,cl,-32.709651241083655,-71.16331120071762,75.15,63.0,0.0,4.41
630,arraial do cabo,br,-33.85189525803129,-26.085181898547063,82.4,83.0,75.0,9.17
631,cape town,za,-64.97936669286922,-12.81891901616288,66.2,63.0,0.0,12.75
632,klaksvik,fo,71.1380056552077,-6.689596651095059,41.0,100.0,92.0,10.29
633,kapaa,us,30.27770976286061,-168.87660919668517,67.78,100.0,90.0,19.46
634,hilo,us,11.320706492094402,-158.22373621284598,77.0,69.0,90.0,9.17
635,maraba,br,-5.58822851951561,-49.44286635068033,82.4,78.0,75.0,8.05
636,cape town,za,-44.43834470465961,5.3574188172862875,66.2,63.0,0.0,12.75
637,jamestown,sh,-42.72861135657771,-18.76929447749265,74.12,100.0,68.0,14.25
638,tromso,no,70.96710100190779,18.681274284555656,23.0,67.0,20.0,8.05
639,liling,cn,27.641618970572523,113.46384314017678,48.2,87.0,0.0,2.24
640,cape town,za,-44.34755065897118,10.87988123610728,66.2,63.0,0.0,12.75
641,peace river,ca,57.16002764886298,-116.99584142502421,15.8,72.0,90.0,18.34
642,bluff,nz,-78.67095542974731,174.46962641576033,53.64,100.0,88.0,12.12
643,bethel,us,53.800362201498444,-165.69094259467101,15.8,78.0,1.0,5.82
644,pahasu,in,28.170331568318872,78.03467404050764,67.41,57.0,0.0,6.53
645,alekseyevsk,ru,59.489426997373755,108.52210961729565,27.09,87.0,92.0,7.99
646,faanui,pf,-0.3397545367816406,-157.6906010789121,82.67,100.0,24.0,10.45
647,mirabad,af,29.88526918435251,61.32605669631545,58.23,65.0,0.0,4.18
648,hobart,au,-83.16711426428745,144.86566207382072,55.4,87.0,75.0,6.93
649,ribeira grande,pt,40.768408160770406,-32.7317591457558,62.64,98.0,20.0,12.24
650,quatre cocos,mu,-18.615140380556014,63.20872534719436,80.6,78.0,40.0,6.93
651,saskylakh,ru,85.3144319579882,118.53100014346876,-7.79,78.0,56.0,10.67
652,kapaa,us,38.09776506704637,-174.07895109322342,67.78,100.0,90.0,19.46
653,coquimbo,cl,-29.47181498467821,-83.93895352160241,66.2,63.0,0.0,12.75
654,tahlequah,us,36.178002196796726,-94.94163741143566,67.32,32.0,1.0,13.87
655,mahebourg,mu,-25.50294225541805,60.86399486593129,80.6,78.0,40.0,6.93
656,derzhavinsk,kz,48.80372042248521,64.95230273738122,30.51,96.0,80.0,15.82
657,pozo colorado,py,-24.688581210447637,-60.286266431079895,86.67,69.0,48.0,5.19
658,meulaboh,id,-0.24546752340292244,92.44616122521109,78.57,100.0,32.0,3.62
659,saint-philippe,re,-31.401566821289364,61.54195960237868,77.83,78.0,0.0,9.17
660,albany,au,-84.56862555437318,112.63098849134929,63.09,89.0,92.0,12.8
661,kapaa,us,15.732456482911175,-167.76119756510968,67.78,100.0,90.0,19.46
662,constitucion,mx,13.522890549992724,-125.42519704271552,78.8,13.0,20.0,4.7
663,punta arenas,cl,-68.09589544979559,-91.3585624866416,53.6,46.0,0.0,18.34
664,uruacu,br,-14.469937016829817,-49.025857744901856,78.12,84.0,12.0,3.62
665,sao filipe,cv,9.910680659532574,-32.126265883267905,72.5,88.0,8.0,17.83
666,tel aviv-yafo,il,32.61021342790245,33.25201794277589,69.84,72.0,0.0,2.24
667,forestville,ca,50.119242508524536,-70.26627342912475,30.2,80.0,90.0,25.28
668,busselton,au,-41.626056780667305,111.89526423544794,65.75,100.0,44.0,16.15
669,gayny,ru,61.290311356682764,55.25834237349349,-6.26,57.0,0.0,3.06
670,matara,lk,-2.9501879509057574,82.26862665712798,79.07,99.0,0.0,9.44
671,kapaa,us,14.771478719213974,-170.3958223001513,67.78,100.0,90.0,19.46
672,esperance,au,-32.23838753806417,123.76209999508006,65.88,92.0,92.0,12.91
673,valledupar,co,10.598495726226659,-73.40380783881295,95.0,41.0,40.0,14.99
674,avarua,ck,-15.66580973282052,-161.6143173202404,82.4,78.0,40.0,8.05
675,busselton,au,-43.38071488893385,88.55036070185969,65.75,100.0,44.0,16.15
676,provideniya,ru,58.640081327465765,-172.9605141873442,31.95,97.0,92.0,45.34
677,whitehorse,ca,61.48027720327539,-130.22648674170355,15.8,66.0,75.0,12.75
678,egvekinot,ru,67.10670917338405,-178.14859398805098,31.19,96.0,88.0,10.22
679,pacanga,pe,-7.151141039830435,-79.5248364933481,80.6,65.0,20.0,13.87
680,bredasdorp,za,-73.84573853065967,21.84003466449508,66.2,63.0,0.0,13.87
681,avarua,ck,-74.91886143122385,-165.65185373628626,82.4,78.0,40.0,8.05
682,general pico,ar,-35.949909939574006,-62.51292240528382,84.74,32.0,0.0,3.96
683,punta arenas,cl,-73.01270609168925,-117.39910080820371,53.6,46.0,0.0,18.34
684,los llanos de aridane,es,29.909661444020074,-18.856630601954436,62.6,59.0,75.0,16.11
685,saint-philippe,re,-44.61609030573853,66.19266066861465,77.83,78.0,0.0,9.17
686,cabo san lucas,mx,3.9082879481704254,-120.57884694750916,82.51,39.0,20.0,12.75
687,severo-kurilsk,ru,46.26899203137583,153.59102088602464,23.85,100.0,64.0,6.31
688,bluff,nz,-83.83662631941537,174.13216484116367,53.64,100.0,88.0,12.12
689,dikson,ru,73.3176281167205,82.52348353272941,-12.74,80.0,12.0,29.12
690,hami,cn,41.56358675033414,90.82814914319778,45.27,60.0,0.0,8.88
691,jamai,in,22.232471205510336,78.5756796468346,58.23,56.0,0.0,4.74
692,castro,cl,-50.1913022240748,-92.82217051973412,55.35,97.0,100.0,10.67
693,gudari,in,19.555195910869102,83.89781332938065,69.75,90.0,0.0,2.39
694,hambantota,lk,0.9789666667050341,83.35791053152445,80.01,100.0,8.0,12.24
695,horovice,cz,49.82097849632939,13.925600804574458,34.45,74.0,75.0,12.75
696,tasiilaq,gl,54.66145895798337,-32.95468439700349,28.4,86.0,75.0,4.7
697,georgetown,sh,-2.931174748704379,-13.826733118734182,78.3,100.0,92.0,11.01
698,taoudenni,ml,22.855560157400674,-6.626849690341743,60.35,17.0,0.0,9.89
699,kizukuri,jp,41.25073772491612,139.41976792849243,34.47,100.0,88.0,1.28
700,saldanha,za,-42.769176316772814,-6.426655199862864,69.8,37.0,0.0,5.82
701,tiznit,ma,26.567386196307453,-7.871882910511374,57.6,75.0,0.0,3.4
702,busselton,au,-51.02789204798262,96.30731467171256,65.75,100.0,44.0,16.15
703,lorengau,pg,9.537521804524232,147.45782076177716,82.98,97.0,56.0,15.26
704,kaitangata,nz,-64.42560480492004,176.1254529745055,47.84,98.0,92.0,5.97
705,kirakira,sb,-10.010586200016803,163.74694820347662,79.92,100.0,88.0,13.69
706,manadhoo,mv,5.715437744817308,74.92933076368834,83.12,100.0,0.0,8.43
707,belmonte,br,-17.33312285828606,-31.002956434060025,76.5,85.0,48.0,5.41
708,touros,br,4.014208825247138,-33.04708967538022,82.22,77.0,44.0,11.45
709,najran,sa,17.413451455876015,43.477231767099795,75.2,17.0,0.0,3.06
710,visby,se,58.356619806951244,19.08369236919617,33.8,95.0,0.0,5.82
711,busselton,au,-39.21292077502308,94.26358848495852,65.75,100.0,44.0,16.15
712,tiksi,ru,86.64489938357892,132.51757241706935,-5.27,68.0,80.0,2.62
713,hami,cn,44.711293593160974,96.13851174159419,45.27,60.0,0.0,8.88
714,kassala,sd,14.718315632214399,35.62494558086604,76.59,33.0,0.0,7.43
715,srednekolymsk,ru,71.0242546143763,153.33577463335087,-19.62,56.0,32.0,2.51
716,grand gaube,mu,-14.526117503557103,67.77890587934303,80.6,78.0,40.0,6.93
717,severo-kurilsk,ru,34.850542866366936,168.24794511702373,23.85,100.0,64.0,6.31
718,tuktoyaktuk,ca,73.02551507953311,-130.37366598200785,-0.08,76.0,20.0,5.82
719,lagoa,pt,51.90658252698242,-29.102371751911733,55.4,66.0,0.0,16.11
720,barrow,us,74.61876498002431,-155.8885097927659,49.3,37.0,40.0,5.82
721,punta arenas,cl,-80.46658198483811,-100.46108979704051,53.6,46.0,0.0,18.34
722,ust-omchug,ru,59.72300576466424,146.76222345886595,-23.58,31.0,0.0,2.51
723,longyearbyen,sj,81.81007541047336,23.049292249106315,12.2,61.0,40.0,20.8
724,tuktoyaktuk,ca,86.83815334736212,-131.78649328770237,-0.08,76.0,20.0,5.82
725,aljezur,pt,35.45416639886298,-11.880856253694958,54.0,100.0,48.0,11.45
726,longyearbyen,sj,83.54353357942614,15.67016913470215,12.2,61.0,40.0,20.8
727,rikitea,pf,-85.69772918541972,-139.01631667642397,78.62,100.0,80.0,12.8
728,banda aceh,id,3.7297922365318072,91.8296922864659,73.26,99.0,24.0,2.51
729,bluff,nz,-66.45017664915405,157.36708764555328,53.64,100.0,88.0,12.12
730,manado,id,3.096831235516376,123.93981721640512,75.2,94.0,40.0,2.24
731,nuuk,gl,60.766579018849825,-53.923396263860184,12.2,85.0,90.0,14.99
732,auki,sb,-6.418152351888921,162.2759778579233,78.93,100.0,80.0,6.42
733,jacareacanga,br,-5.7551446852712616,-57.91036867524174,87.8,74.0,20.0,2.06
734,vaini,to,-74.44607731974261,-170.8661824489962,73.4,100.0,75.0,5.3
735,pevek,ru,76.79245780956299,167.75270662895838,3.2,92.0,88.0,2.39
736,hohhot,cn,40.821957054935694,110.6757227565497,35.6,80.0,0.0,4.47
737,busselton,au,-38.464283858624015,93.19240479474973,65.75,100.0,44.0,16.15
738,cape town,za,-60.66555996972556,1.4420817484419217,66.2,63.0,0.0,12.75
739,sur,om,20.892329745480893,61.46108245612902,75.47,89.0,0.0,6.98
740,kodiak,us,47.343830069171105,-145.84960881350005,64.4,27.0,1.0,14.99
741,lerwick,gb,59.98561502417374,0.5204957305559788,43.7,93.0,88.0,16.11
742,mantenopolis,br,-19.036725531445967,-41.181540077232654,78.57,69.0,80.0,6.31
743,rikitea,pf,-48.767262814479174,-116.10922303362871,78.62,100.0,80.0,12.8
744,campbellsville,us,37.33997366145235,-85.02467959539753,45.5,52.0,1.0,12.75
745,cape town,za,-72.43897593095433,-9.26911179329008,66.2,63.0,0.0,12.75
746,kapaa,us,27.748055643969522,-169.7715596853749,67.78,100.0,90.0,19.46
747,port alfred,za,-61.97190297978668,36.82897995125413,66.96,90.0,24.0,10.78
748,balkhash,kz,47.24481391774714,75.57650980016155,41.13,82.0,44.0,13.13
749,atuona,pf,0.2565564623758121,-124.77848994323372,79.34,100.0,100.0,12.91
750,port keats,au,-12.829408084900649,127.50538448896731,74.61,100.0,8.0,4.41
751,aklavik,ca,76.24724245517092,-139.56021494733028,4.89,70.0,75.0,5.82
752,kondinskoye,ru,60.67372536590594,67.3879608517567,13.23,82.0,76.0,10.22
753,new norfolk,au,-78.15576472643488,133.59080274394796,55.4,87.0,75.0,6.93
754,hobart,au,-89.44340947324044,139.8169186979917,55.4,87.0,75.0,6.93
755,la primavera,co,5.60954785384169,-69.82830275101185,79.34,88.0,80.0,8.66
756,castro,cl,-50.75676340719991,-99.21837031328647,55.35,97.0,100.0,10.67
757,bethel,us,59.38748502326874,-159.2297888984208,15.8,78.0,1.0,5.82
758,provideniya,ru,41.745048743461524,-177.48331427871608,31.95,97.0,92.0,45.34
759,carnarvon,au,-25.481541454005935,112.26482813736646,78.3,93.0,44.0,8.1
760,hasaki,jp,34.233204508040444,147.49823921471898,49.05,81.0,75.0,6.93
761,mar del plata,ar,-68.23582120642644,-22.007318148426066,67.19,41.0,44.0,25.21
762,benicarlo,es,40.59421042727479,0.004265877264145956,55.67,98.0,0.0,12.35
763,port alfred,za,-49.068365486140664,31.005106055326962,66.96,90.0,24.0,10.78
764,busselton,au,-38.74889175276802,109.24117109342711,65.75,100.0,44.0,16.15
765,narsaq,gl,86.10213146011313,-61.97819237192351,33.8,69.0,75.0,10.29
766,rocha,uy,-38.71452034036518,-50.59420426857798,69.57,53.0,0.0,5.41
767,vaini,to,-28.704397947756526,-170.1256252324123,73.4,100.0,75.0,5.3
768,butaritari,ki,19.275552892137227,178.4989467823974,82.98,98.0,80.0,16.6
769,san patricio,mx,5.539331668426215,-115.35557847602763,86.0,70.0,5.0,11.41
770,leshukonskoye,ru,68.10610983174777,47.366692592888285,3.15,82.0,68.0,2.28
771,kapaa,us,19.484624603746667,-168.70797957125637,67.78,100.0,90.0,19.46
772,broome,au,-16.850131948878385,123.80647915924305,86.0,84.0,12.0,10.29
773,saint-augustin,ca,55.37296320894782,-57.76528240793101,39.2,44.0,75.0,8.05
774,san patricio,mx,3.0499248923534594,-119.97199880964486,86.0,70.0,5.0,11.41
775,komsomolskiy,ru,72.24915098460704,174.69035285923144,-6.17,71.0,44.0,10.67
776,maningrida,au,-11.106856603598331,133.35649290225103,79.56,90.0,20.0,19.39
777,kaitangata,nz,-59.58101199501536,172.0044406352447,47.84,98.0,92.0,5.97
778,busselton,au,-69.98894906363046,83.63692051878468,65.75,100.0,44.0,16.15
779,puerto ayora,ec,-7.3470983344108305,-109.54284122789723,86.0,62.0,40.0,14.99
780,jamestown,sh,-33.2591498412581,-10.711790707264015,74.12,100.0,68.0,14.25
781,hobart,au,-81.48193004089651,140.55386949820763,55.4,87.0,75.0,6.93
782,hermanus,za,-41.11749722668193,15.319695849587788,58.64,76.0,0.0,5.86
783,lompoc,us,23.665104734216442,-132.37530240060394,59.59,93.0,90.0,3.36
784,saravena,co,6.99624668010577,-71.90749035475505,78.48,78.0,12.0,2.28
785,hobart,au,-65.67103179320463,145.64881676971874,55.4,87.0,75.0,6.93
786,pitimbu,br,-8.537409738161386,-25.405006460161417,84.2,66.0,75.0,11.41
787,hobart,au,-55.458528816911546,154.6866214997391,55.4,87.0,75.0,6.93
788,bredasdorp,za,-85.97898841168644,27.966983974543325,66.2,63.0,0.0,13.87
789,hermanus,za,-47.61416222743844,11.983894437658108,58.64,76.0,0.0,5.86
790,concepcion,ph,10.678299964703527,123.06254844929668,75.2,41.0,75.0,6.93
791,albany,au,-65.2564885677578,110.95573785076186,63.09,89.0,92.0,12.8
792,vaini,to,-83.80804207388326,-175.07413413111416,73.4,100.0,75.0,5.3
793,ushuaia,ar,-74.50903217860058,-52.57156964112727,58.19,76.0,75.0,21.92
794,rikitea,pf,-30.30074646620141,-116.00696995432537,78.62,100.0,80.0,12.8
795,faanui,pf,-2.733087553599134,-154.0918977203301,82.67,100.0,24.0,10.45
796,hithadhoo,mv,-5.9807988613901415,72.28645835047902,83.75,100.0,76.0,12.68
797,mantua,cu,24.007552365290167,-85.06318172628609,78.75,49.0,0.0,8.55
798,erzin,ru,47.16429117613768,96.08223398247941,10.26,62.0,0.0,2.17
799,lebu,cl,-33.06499944643172,-99.9199180170686,62.6,97.0,92.0,25.55
800,aklavik,ca,67.11967021549464,-137.77235458386514,4.89,70.0,75.0,5.82
801,paracuru,br,-2.957945887245444,-38.83268235050659,84.2,74.0,75.0,11.41
802,dikson,ru,81.01652808876116,78.19310325447742,-12.74,80.0,12.0,29.12
803,busselton,au,-57.54476566177223,98.32386786306972,65.75,100.0,44.0,16.15
804,college,us,66.00999618696619,-149.79743563791908,2.57,84.0,1.0,6.2
805,igarka,ru,65.85184160279837,85.55266844727532,-26.37,40.0,0.0,7.99
806,khatanga,ru,86.09784228262407,106.87197949679933,-17.28,50.0,44.0,3.4
807,coihaique,cl,-46.53108666707977,-72.7878891826401,52.43,71.0,75.0,6.93
808,arraial do cabo,br,-34.505310675242804,-34.49911460195898,82.4,83.0,75.0,9.17
809,ushuaia,ar,-83.42186701179139,-76.35293226604679,58.19,76.0,75.0,21.92
810,kushiro,jp,41.695722720036116,144.8754284418864,28.35,78.0,92.0,13.69
811,gushikawa,jp,22.524465539721945,133.98372731416333,54.84,62.0,40.0,3.36
812,hermanus,za,-43.65058400374779,14.043295435284193,58.64,76.0,0.0,5.86
813,basco,ph,19.66818775179125,122.94895830498831,71.37,100.0,64.0,19.28
814,hermanus,za,-60.86939998873589,13.23809550790935,58.64,76.0,0.0,5.86
815,puerto ayora,ec,-9.231961290696546,-105.4181555859805,86.0,62.0,40.0,14.99
816,arkhara,ru,49.01584400738213,129.71495430533173,33.44,80.0,92.0,7.2
817,cidreira,br,-43.53380378786991,-37.20747866312897,71.55,66.0,20.0,10.11
818,kapaa,us,34.2580755617803,-165.8485567100025,67.78,100.0,90.0,19.46
819,qaanaaq,gl,79.75516550655067,-80.72446672664324,-18.27,100.0,36.0,4.18
820,elizabeth city,us,35.25450817133361,-74.99395707553879,50.32,60.0,1.0,14.99
821,hilo,us,12.56931762023288,-144.8892317051935,77.0,69.0,90.0,9.17
822,tabou,ci,-4.681541020403614,-4.160174237422552,82.85,100.0,64.0,10.11
823,morrope,pe,-6.206186139662492,-80.505677055407,80.6,65.0,20.0,13.87
824,new norfolk,au,-53.5725404910725,135.95621060273982,55.4,87.0,75.0,6.93
825,dong hoi,vn,18.408105344163104,107.68736017511304,69.8,100.0,92.0,6.76
826,port alfred,za,-78.8972198109741,49.53764703363626,66.96,90.0,24.0,10.78
827,dikson,ru,84.53058938855156,71.05072928103107,-12.74,80.0,12.0,29.12
828,atuona,pf,2.625282713291142,-136.30113439995114,79.34,100.0,100.0,12.91
829,constitucion,mx,14.780386973918695,-126.81951679306299,78.8,13.0,20.0,4.7
830,bredasdorp,za,-81.42330121625027,16.428704462288977,66.2,63.0,0.0,13.87
831,saldanha,za,-34.83020021937045,13.458192087862727,69.8,37.0,0.0,5.82
832,bundibugyo,ug,1.2382320971288578,29.518492105995193,59.27,91.0,8.0,2.84
833,bathsheba,bb,21.082846907837805,-45.958407503758565,82.4,74.0,40.0,24.16
834,butaritari,ki,13.13243111757896,174.08467839444432,82.98,98.0,80.0,16.6
835,guerrero negro,mx,24.09953502587419,-116.29378882463983,72.99,51.0,24.0,7.99
836,bredasdorp,za,-53.302564432853984,19.71077251142796,66.2,63.0,0.0,13.87
837,geraldton,au,-31.13345275536566,106.48657836663614,68.0,88.0,64.0,11.41
838,jamestown,sh,-50.39356295460449,-16.304992194813366,74.12,100.0,68.0,14.25
839,tuatapere,nz,-54.37105821247698,159.14405181066672,48.96,100.0,44.0,9.44
840,gaoua,bf,10.373775356728487,-3.3220032027444404,79.34,83.0,56.0,2.17
841,palmer,us,58.85435680697071,-147.09792718032483,24.8,45.0,1.0,8.05
842,saskylakh,ru,86.95980845739254,114.56656596173718,-7.79,78.0,56.0,10.67
843,albany,au,-74.23652776351702,120.66948968388084,63.09,89.0,92.0,12.8
844,butaritari,ki,25.794150750235417,165.15481753999478,82.98,98.0,80.0,16.6
845,bredasdorp,za,-72.74515859738446,16.498558227092673,66.2,63.0,0.0,13.87
846,hermanus,za,-74.95863499775265,4.339657204855143,58.64,76.0,0.0,5.86
847,saint-philippe,re,-49.4542223591212,64.09176765842972,77.83,78.0,0.0,9.17
848,port alfred,za,-44.32888633126076,29.87089739206445,66.96,90.0,24.0,10.78
849,rikitea,pf,-41.41290643709466,-123.44081792726092,78.62,100.0,80.0,12.8
850,miraflores,co,0.32995249730164744,-72.25904746573326,59.76,84.0,88.0,1.61
851,saskylakh,ru,69.99239804433705,114.7698342339475,-7.79,78.0,56.0,10.67
852,busselton,au,-74.34033599219555,83.18663566112389,65.75,100.0,44.0,16.15
853,new norfolk,au,-57.8996493294544,130.59484018941106,55.4,87.0,75.0,6.93
854,puerto del rosario,es,27.416977572516572,-13.311896659091644,61.61,72.0,20.0,19.46
855,candido mendes,br,-1.624717659712843,-45.83055762987493,80.69,100.0,80.0,10.45
856,biltine,td,16.671027720242265,22.14260505059727,73.17,61.0,0.0,2.73
857,busselton,au,-42.92515127404341,91.37820699486116,65.75,100.0,44.0,16.15
858,rikitea,pf,-35.17807202637123,-132.07795834943602,78.62,100.0,80.0,12.8
859,konya,tr,38.19918706469977,32.80566574421687,57.2,35.0,75.0,12.75
860,tiksi,ru,73.81779752178281,130.76784590411523,-5.27,68.0,80.0,2.62
861,bathsheba,bb,16.671777871030812,-55.81010254192786,82.4,74.0,40.0,24.16
862,cabo san lucas,mx,14.534073056009717,-112.3666326094898,82.51,39.0,20.0,12.75
863,cape town,za,-50.19769029256862,0.8128867926573093,66.2,63.0,0.0,12.75
864,mao,td,14.265164481789938,14.435787476118634,79.07,52.0,0.0,3.62
865,vaini,to,-70.58441594628445,-178.1146082110719,73.4,100.0,75.0,5.3
866,balclutha,nz,-46.00117474667306,169.32230657051332,47.84,98.0,92.0,5.97
867,komsomolskiy,ru,65.9903315417871,171.22377476521484,-6.17,71.0,44.0,10.67
868,castro,cl,-50.67157421923766,-104.42350044055551,55.35,97.0,100.0,10.67
869,mahebourg,mu,-21.29227206763302,58.24421099816945,80.6,78.0,40.0,6.93
870,longyearbyen,sj,86.37422760464395,27.890630545805777,12.2,61.0,40.0,20.8
871,ushuaia,ar,-79.3077116136012,-57.03440882649768,58.19,76.0,75.0,21.92
872,esperance,au,-36.9026015981484,125.82135305469001,65.88,92.0,92.0,12.91
873,bluff,nz,-87.53039247659503,160.4395159922871,53.64,100.0,88.0,12.12
874,severo-kurilsk,ru,46.24626525482191,155.85695240282604,23.85,100.0,64.0,6.31
875,kapaa,us,24.123439076091387,-177.96104367358606,67.78,100.0,90.0,19.46
876,oyama,jp,30.034899868073268,138.8468499235409,48.2,70.0,75.0,11.41
877,sao filipe,cv,10.36234176985576,-32.103067204117195,72.5,88.0,8.0,17.83
878,bredasdorp,za,-79.04148722750335,26.109833140646685,66.2,63.0,0.0,13.87
879,mkushi,zm,-13.345925697019553,28.986041817518213,65.16,89.0,0.0,3.29
880,bandarbeyla,so,7.837306441589661,57.47445086590156,78.35,100.0,0.0,6.76
881,kaseda,jp,30.147067876420962,130.3066068719795,51.44,100.0,0.0,15.82
882,busselton,au,-35.00815183388675,101.81056370440939,65.75,100.0,44.0,16.15
883,sobolevo,ru,57.34206245310605,154.45602608439202,30.96,92.0,92.0,15.03
884,port blair,in,12.34095846113675,88.0090686611,82.26,100.0,0.0,3.62
885,los llanos de aridane,es,30.632373936398764,-22.315641440568157,62.6,59.0,75.0,16.11
886,upernavik,gl,83.90449786463392,-50.869912197020795,-12.56,100.0,12.0,5.08
887,kruisfontein,za,-47.63001135161791,25.459372270675658,64.35,91.0,0.0,11.23
888,puerto ayora,ec,1.909604677492041,-90.93505534138129,86.0,62.0,40.0,14.99
889,rikitea,pf,-23.123108935919916,-120.77276480667263,78.62,100.0,80.0,12.8
890,goundam,ml,17.07852736006717,-5.693941274464805,77.99,19.0,0.0,16.71
891,dunedin,nz,-47.303156382542596,171.37937874842606,45.54,100.0,36.0,4.18
892,bojnurd,ir,37.469884159254036,56.78998672459184,46.4,70.0,0.0,4.7
893,socorro,us,33.49721036819848,-106.54105140073871,80.01,16.0,1.0,9.17
894,puerto ayora,ec,-11.377340492915494,-105.83156588231944,86.0,62.0,40.0,14.99
895,jamestown,sh,-45.112563327525024,-18.602000328185312,74.12,100.0,68.0,14.25
896,bredy,ru,52.73735126669439,60.35577231805314,22.1,88.0,32.0,15.59
897,luang prabang,la,20.06356464750182,101.2808106934018,64.98,100.0,92.0,1.95
898,nikolskoye,ru,44.011401277013476,169.61896875634807,32.0,94.0,75.0,8.95
899,edea,cm,3.920202107016223,10.494628055982474,78.8,94.0,75.0,4.63
900,chipping sodbury,gb,51.76285826969388,-2.4373864026629235,44.33,75.0,90.0,10.29
901,deputatskiy,ru,71.11964837985764,139.24311306797665,-13.5,58.0,76.0,4.52
902,saskylakh,ru,80.7023846807555,114.00274978167562,-7.79,78.0,56.0,10.67
903,lagoa,pt,43.26361615270662,-28.866452522880195,55.4,66.0,0.0,16.11
904,charters towers,au,-21.244929352543082,146.41470731913898,70.29,95.0,92.0,11.34
905,khatanga,ru,77.12622335340771,106.78982328995693,-17.28,50.0,44.0,3.4
906,punta arenas,cl,-76.97524196768983,-94.06804347262593,53.6,46.0,0.0,18.34
907,hilo,us,18.15181440595019,-152.77715366177932,77.0,69.0,90.0,9.17
908,moose factory,ca,57.26661824292441,-76.50157966995081,26.6,45.0,1.0,9.17
909,ushuaia,ar,-89.39452561753639,-84.92793899407192,58.19,76.0,75.0,21.92
910,lavrentiya,ru,73.50752987400071,-171.94410954360563,28.62,98.0,92.0,41.65
911,ribeira grande,pt,43.56683879582761,-35.5008842975208,62.64,98.0,20.0,12.24
912,kirakira,sb,-8.65911539386606,163.03300775755537,79.92,100.0,88.0,13.69
913,cam ranh,vn,10.143102470189831,112.3661365540845,72.45,100.0,76.0,12.68
914,albany,au,-85.6311103923699,93.42181667641694,63.09,89.0,92.0,12.8
915,kaitangata,nz,-65.94746531055067,174.7068309548963,47.84,98.0,92.0,5.97
916,ushuaia,ar,-86.34010785179638,-68.32071619764457,58.19,76.0,75.0,21.92
917,atuona,pf,-9.32277166713942,-139.01383408206163,79.34,100.0,100.0,12.91
918,sabha,ly,25.977908067285043,17.003572012246877,62.24,16.0,12.0,18.05
919,puerto ayora,ec,0.4671931267655367,-107.99989137641761,86.0,62.0,40.0,14.99
920,cherskiy,ru,82.32644638002444,163.6802966722684,-14.85,66.0,88.0,5.64
921,avarua,ck,-63.89162311541846,-164.02420758987586,82.4,78.0,40.0,8.05
922,ushuaia,ar,-89.30542908319677,-73.75945185126963,58.19,76.0,75.0,21.92
923,te anau,nz,-43.926890425783505,162.0818820287148,38.97,95.0,68.0,2.62
924,bluff,nz,-89.38031151004557,163.98560120531272,53.64,100.0,88.0,12.12
925,bihoro,jp,43.51741168442416,144.09754828691683,25.38,93.0,92.0,10.56
926,vaini,to,-73.48662614478319,-171.3701410485601,73.4,100.0,75.0,5.3
927,ancud,cl,-42.157847965615865,-85.82955406484002,56.39,98.0,92.0,13.47
928,upernavik,gl,84.93370189777431,-55.868968887619474,-12.56,100.0,12.0,5.08
929,bukama,cd,-8.09876630328634,26.085939482131238,72.18,86.0,8.0,2.62
930,hilo,us,26.02901691763519,-147.88024860247688,77.0,69.0,90.0,9.17
931,lompoc,us,26.79107400465412,-130.40173108377513,59.59,93.0,90.0,3.36
932,hobart,au,-87.67542362134444,143.52268537905877,55.4,87.0,75.0,6.93
933,edd,er,13.352649167847915,42.35010283582025,65.61,38.0,0.0,1.95
934,la rioja,ar,-29.038058853484934,-67.1292853066139,85.41,34.0,0.0,3.96
935,cape town,za,-76.94833924030266,-14.120147003071821,66.2,63.0,0.0,12.75
936,ahipara,nz,-36.1629177462085,170.1880809517537,66.24,96.0,36.0,5.97
937,kailua,us,24.68872519705097,-156.00360694209564,73.4,78.0,90.0,11.41
938,cidreira,br,-41.00250817826707,-36.87049998275566,71.55,66.0,20.0,10.11
939,caravelas,br,-19.42213208658255,-32.114614689034795,82.62,99.0,24.0,16.26
940,georgetown,sh,-19.532881897295567,-22.24581917234468,78.3,100.0,92.0,11.01
941,waterboro,us,43.621937781833395,-70.63991683363392,42.8,48.0,44.0,14.99
942,thabazimbi,za,-24.60684553207028,27.21318415486877,63.14,94.0,92.0,5.41
943,norman wells,ca,65.41579868107746,-128.15695146834835,5.0,71.0,40.0,5.82
944,atuona,pf,4.780783188516793,-124.1841932678762,79.34,100.0,100.0,12.91
945,sabha,ly,26.764513672797833,16.57740675061828,62.24,16.0,12.0,18.05
946,kodiak,us,45.616150436954314,-160.43091522364188,64.4,27.0,1.0,14.99
947,khatanga,ru,84.62701131876426,106.77227077907725,-17.28,50.0,44.0,3.4
948,tasiilaq,gl,71.67281453739221,-43.114160875766345,28.4,86.0,75.0,4.7
949,sibolga,id,-0.06513576993395986,97.3749555486271,67.32,100.0,32.0,2.39
950,chokurdakh,ru,80.99786572715874,151.80500690201495,-19.53,57.0,64.0,3.18
951,comodoro rivadavia,ar,-47.949268561820276,-66.56083701802773,69.8,37.0,40.0,18.34
952,punta arenas,cl,-71.62038806214811,-112.4565219760836,53.6,46.0,0.0,18.34
953,kochi,in,9.401932479686707,74.46777975343534,77.0,88.0,75.0,0.72
954,rawson,ar,-46.585097688835575,-64.07276509684353,77.31,24.0,44.0,16.6
955,husavik,is,74.85701326402085,-9.788090161301398,39.2,97.0,40.0,11.41
956,punta arenas,cl,-72.61863049680804,-118.76381612218381,53.6,46.0,0.0,18.34
957,east london,za,-53.07622403930132,39.87239633920083,69.3,100.0,68.0,13.24
958,port alfred,za,-82.35656798295338,40.56208275722821,66.96,90.0,24.0,10.78
959,kapaa,us,20.084596185472805,-160.25231923024776,67.78,100.0,90.0,19.46
960,ushuaia,ar,-83.54194840781338,-73.46134002962434,58.19,76.0,75.0,21.92
961,guerrero negro,mx,18.642406003052386,-124.01776999183437,72.99,51.0,24.0,7.99
962,punta arenas,cl,-82.01715336398757,-117.83244199192218,53.6,46.0,0.0,18.34
963,artyom,az,40.7907906475516,52.03608750158779,53.6,71.0,0.0,17.22
964,bambous virieux,mu,-28.60860842809901,67.38410133617705,80.6,78.0,40.0,6.93
965,georgetown,sh,-16.10358389120944,-15.687570295717222,78.3,100.0,92.0,11.01
966,pangnirtung,ca,65.90199963392047,-62.749704702131496,-11.21,69.0,20.0,11.41
967,nemuro,jp,33.20803350011249,154.2944410451617,32.67,100.0,92.0,32.82
968,moville,ie,55.18004563408087,-7.04534560353045,48.2,87.0,75.0,14.99
969,moba,cd,-7.204812187018447,29.4378813184523,67.37,98.0,12.0,1.5
970,east london,za,-38.92623280593085,34.33915570241231,69.3,100.0,68.0,13.24
971,amla,in,22.201980424433813,78.24334966557416,60.89,54.0,0.0,4.41
972,vaini,to,-31.81994016218728,-172.43258158180856,73.4,100.0,75.0,5.3
973,ganzhou,cn,26.043866100912282,115.84378995085592,39.24,82.0,0.0,1.95
974,broome,au,-20.684910497373835,123.545472264647,86.0,84.0,12.0,10.29
975,margate,za,-40.93622308786356,40.730160226232016,68.09,100.0,92.0,4.63
976,bredasdorp,za,-84.01603038379035,13.178464172781446,66.2,63.0,0.0,13.87
977,east london,za,-75.86877335426828,56.70018628873436,69.3,100.0,68.0,13.24
978,ushuaia,ar,-75.45296188548926,-49.781815670545654,58.19,76.0,75.0,21.92
979,mayo,ca,64.63314779001894,-133.51491337007786,12.2,39.0,5.0,9.17
980,trairi,br,4.096247355280809,-34.51443534706442,81.59,100.0,32.0,10.45
981,asyut,eg,25.56634557486666,29.260209896208323,80.6,34.0,0.0,5.82
982,puerto ayora,ec,-7.493094018091455,-109.34453640638974,86.0,62.0,40.0,14.99
983,santa maria da vitoria,br,-13.296706530989468,-44.302840543087086,75.02,93.0,0.0,2.84
984,carnarvon,au,-31.46777051224516,95.07206761897777,78.3,93.0,44.0,8.1
985,fonte boa,br,-2.587248402290001,-66.53227240227999,73.98,100.0,92.0,10.67
986,vaini,to,-33.31391423921311,-179.6628521488278,73.4,100.0,75.0,5.3
987,ust-barguzin,ru,53.887124582441544,108.62900968108761,14.9,76.0,24.0,3.62
988,hofn,is,63.059342361361246,-13.852561373244441,39.2,93.0,20.0,6.93
989,terme,tr,41.147225050942126,36.85955592503615,48.2,93.0,90.0,5.82
990,flin flon,ca,61.64187724905244,-101.68699432243777,23.0,73.0,75.0,13.87
991,hilo,us,26.39069712094792,-137.80203060260703,77.0,69.0,90.0,9.17
992,nikolskoye,ru,44.845237075202704,178.29215441463282,32.0,94.0,75.0,8.95
993,busselton,au,-45.902084730777766,95.32105681119936,65.75,100.0,44.0,16.15
994,butaritari,ki,6.366855511764612,162.40730338104362,82.98,98.0,80.0,16.6
995,saskylakh,ru,77.55445331610437,118.05500775737016,-7.79,78.0,56.0,10.67
996,kapaa,us,21.989050788341515,-176.15453007451467,67.78,100.0,90.0,19.46
997,lebu,cl,-31.845254158998657,-97.59374986828725,62.6,97.0,92.0,25.55
998,nizhneangarsk,ru,55.05533177752011,109.93868583238628,19.53,89.0,88.0,3.85
999,rikitea,pf,-23.186028910934326,-128.0397556316836,78.62,100.0,80.0,12.8
1000,arraial do cabo,br,-31.221930320704594,-33.58879773129647,82.4,83.0,75.0,9.17
1001,shelburne,ca,40.290177983505544,-65.33368805273702,36.45,63.0,1.0,17.22
1002,martapura,id,-4.122125668811009,116.03142735036096,76.1,100.0,48.0,2.62
1003,luderitz,na,-33.0492463012059,1.47108956316589,60.8,87.0,0.0,9.17
1004,le vauclin,mq,14.844883173469498,-60.17505144026315,84.2,62.0,75.0,18.34
1005,winnipeg,ca,49.80973835258163,-97.47158650326082,35.6,80.0,75.0,9.17
1006,kaitangata,nz,-58.448590855138306,173.02405840777925,47.84,98.0,92.0,5.97
1007,provideniya,ru,45.802977677015974,-174.78240076485545,31.95,97.0,92.0,45.34
1008,manono,cd,-6.5013469369083055,27.625492897574873,70.11,95.0,24.0,3.85
1009,marsa matruh,eg,28.882012237942703,27.443274386565463,86.0,9.0,68.0,19.46
1010,leningradskiy,ru,86.60939626465625,178.93875220127978,11.07,100.0,88.0,0.94
1011,khvastovichi,ru,53.32274239141478,35.11396210799674,20.39,85.0,24.0,13.24
1012,faanui,pf,-2.1521700418404777,-157.4175794824456,82.67,100.0,24.0,10.45
1013,ushuaia,ar,-63.06490480600665,-72.04187338332332,58.19,76.0,75.0,21.92
1014,saint-augustin,ca,53.45086136456419,-61.544830808352586,39.2,44.0,75.0,8.05
1015,upernavik,gl,79.90814164532071,-53.82919838178269,-12.56,100.0,12.0,5.08
1016,bredasdorp,za,-88.71424680473677,21.327734962424188,66.2,63.0,0.0,13.87
1017,batticaloa,lk,9.327523027855236,86.15962784151361,73.62,100.0,0.0,6.98
1018,mayna,ru,53.206606207202725,91.6648717111679,25.52,69.0,8.0,2.95
1019,linjiang,cn,40.58964628512709,127.96625032854917,13.23,65.0,0.0,2.84
1020,liverpool,ca,42.29544602885355,-63.53595999107117,37.22,98.0,92.0,27.89
1021,guerrero negro,mx,16.3950015193967,-127.5149289064689,72.99,51.0,24.0,7.99
1022,bathsheba,bb,21.981224418820062,-43.36464798370491,82.4,74.0,40.0,24.16
1023,port alfred,za,-62.46833341228183,40.33728479987087,66.96,90.0,24.0,10.78
1024,verkhniy lomov,ru,53.60041121113312,43.47007153397291,22.86,91.0,80.0,8.99
1025,provideniya,ru,61.97905337241116,-174.9944551352432,31.95,97.0,92.0,45.34
1026,hithadhoo,mv,-18.787268521534926,84.64949094733879,83.75,100.0,76.0,12.68
1027,ushuaia,ar,-76.41299817864197,-24.1410044467232,58.19,76.0,75.0,21.92
1028,mao,td,16.461853152072777,16.76689234026128,79.07,52.0,0.0,3.62
1029,kapaa,us,20.411617066637007,-164.47492720652932,67.78,100.0,90.0,19.46
1030,castro,cl,-42.58158323848099,-76.7599287955031,55.35,97.0,100.0,10.67
1031,hambantota,lk,-1.3491386207307983,86.84572283284746,80.01,100.0,8.0,12.24
1032,fortuna,us,30.873497455025003,-138.4347083856618,47.52,75.0,40.0,9.17
1033,albany,au,-64.30266139582913,114.98361782940509,63.09,89.0,92.0,12.8
1034,albany,au,-82.65524033958312,115.17642643665499,63.09,89.0,92.0,12.8
1035,san felipe,mx,30.00462058948702,-114.97009061605242,64.49,98.0,88.0,7.65
1036,saldanha,za,-37.349520572068705,7.558275328448445,69.8,37.0,0.0,5.82
1037,kalmunai,lk,7.477749080742356,81.9991502785848,66.96,96.0,0.0,2.95
1038,ribeira grande,pt,35.40544623052732,-31.187985123942184,62.64,98.0,20.0,12.24
1039,rikitea,pf,-62.98240796734668,-135.20849171180495,78.62,100.0,80.0,12.8
1040,mecca,sa,22.025960505311375,43.252317774510715,86.0,42.0,0.0,2.73
1041,faanui,pf,-10.390866916369475,-159.50707903490843,82.67,100.0,24.0,10.45
1042,hilo,us,4.948624960713403,-153.00290039314635,77.0,69.0,90.0,9.17
1043,qaanaaq,gl,89.05010573816514,-97.43609828234662,-18.27,100.0,36.0,4.18
1044,ushuaia,ar,-61.494020919396135,-67.7470337475405,58.19,76.0,75.0,21.92
1045,saint albans,us,38.09866962951102,-82.02743415351159,37.4,55.0,1.0,10.29
1046,albany,au,-69.1760077551778,101.76474896117361,63.09,89.0,92.0,12.8
1047,klaksvik,fo,81.6904467411378,-5.070392137656739,41.0,100.0,92.0,10.29
1048,nikolskoye,ru,47.71271788198729,176.6725276539692,32.0,94.0,75.0,8.95
1049,tateyama,jp,35.017772037262546,139.81740270993737,32.58,100.0,92.0,2.62
1050,dingle,ie,51.21488602463796,-22.315957849737288,46.94,97.0,48.0,14.81
1051,rikitea,pf,-44.982987687928166,-116.71627654746341,78.62,100.0,80.0,12.8
1052,dakar,sn,16.77046329751093,-19.53002199885475,69.8,77.0,0.0,11.41
1053,saint-philippe,re,-60.25198480488641,70.09983415602409,77.83,78.0,0.0,9.17
1054,new norfolk,au,-55.34222278468043,142.33349764694236,55.4,87.0,75.0,6.93
1055,lichtenburg,za,-25.830220447183805,26.434465317794576,58.19,100.0,92.0,7.09
1056,canelli,it,44.71704738335049,8.276079082170583,45.82,27.0,0.0,6.93
1057,cape town,za,-72.82528470241236,-12.54078463556155,66.2,63.0,0.0,12.75
1058,tupik,ru,55.387097443446464,120.14563124292482,17.42,80.0,36.0,2.51
1059,urucara,br,0.19817897633147652,-58.56200238121055,82.49,82.0,80.0,2.06
1060,thompson,ca,61.13756899585053,-92.02448275332519,14.0,47.0,5.0,9.17
1061,coolum beach,au,-26.02652447157071,153.66200172689213,71.1,100.0,92.0,8.77
1062,sept-iles,ca,54.603216008810335,-67.08711706141546,32.0,67.0,75.0,9.17
1063,busselton,au,-72.1241932322341,88.3392761840741,65.75,100.0,44.0,16.15
1064,san felipe,ve,10.613682013887413,-69.15997623265999,85.23,47.0,80.0,5.41
1065,ushuaia,ar,-61.45094687064009,-71.27276885380623,58.19,76.0,75.0,21.92
1066,kavieng,pg,5.044181811471276,151.9917917917045,85.41,96.0,64.0,14.25
1067,kysyl-syr,ru,63.93517906603046,124.91550132220425,5.45,82.0,56.0,2.73
1068,esperance,au,-47.8228665765008,125.0001080649298,65.88,92.0,92.0,12.91
1069,sibu,my,2.239723209955045,112.03294066902652,75.2,94.0,75.0,3.36
1070,albany,au,-78.41128928765315,112.17093969533755,63.09,89.0,92.0,12.8
1071,sharjah,ae,25.781807759830755,55.34628580188496,72.01,69.0,0.0,4.7
1072,inongo,cd,-2.168056649997581,18.08790871804453,73.35,97.0,20.0,2.51
1073,homer,us,60.94890254037173,-156.1735116367615,28.4,42.0,1.0,12.75
1074,hermanus,za,-51.2280476233229,10.438707712378147,58.64,76.0,0.0,5.86
1075,chokurdakh,ru,86.3814840426796,154.6412286220907,-19.53,57.0,64.0,3.18
1076,dikson,ru,89.95010742630234,78.24814254218722,-12.74,80.0,12.0,29.12
1077,bethel,us,54.661669515992315,-162.21359571909784,15.8,78.0,1.0,5.82
1078,paamiut,gl,64.29737872026598,-47.452495097544585,23.45,100.0,12.0,32.14
1079,rikitea,pf,-78.71241843115556,-137.74704548541612,78.62,100.0,80.0,12.8
1080,veraval,in,17.260055922203676,69.02828841387904,74.16,92.0,0.0,11.68
1081,narsaq,gl,80.23178095606184,-67.06268905004791,33.8,69.0,75.0,10.29
1082,kavaratti,in,11.431928213490878,69.08243858278715,83.25,100.0,0.0,10.45
1083,port alfred,za,-77.43414117405047,43.68029090450304,66.96,90.0,24.0,10.78
1084,port alfred,za,-88.10492723810113,48.638605348295584,66.96,90.0,24.0,10.78
1085,ancud,cl,-39.48147723512991,-95.23231289438078,56.39,98.0,92.0,13.47
1086,portland,au,-40.86459082487543,141.08687456039718,55.94,98.0,92.0,4.63
1087,oksfjord,no,73.08427388230677,21.65492803889316,23.07,85.0,75.0,11.41
1088,avarua,ck,-46.47486427490183,-163.61580257049496,82.4,78.0,40.0,8.05
1089,kapaa,us,34.98096949479525,-167.24279479775876,67.78,100.0,90.0,19.46
1090,saldanha,za,-41.85818962902118,-4.5831920301768605,69.8,37.0,0.0,5.82
1091,hobyo,so,6.428790452975264,46.98824955185944,79.11,90.0,0.0,6.87
1092,sept-iles,ca,54.90463674052347,-66.71338178761357,32.0,67.0,75.0,9.17
1093,sitka,us,47.80245924254652,-137.59589976365604,71.6,44.0,24.0,5.97
1094,khatanga,ru,85.67851904635228,99.3364691128773,-17.28,50.0,44.0,3.4
1095,the pas,ca,54.170088174735696,-100.51234321921457,26.6,68.0,75.0,10.29
1096,port hedland,au,-22.278730121767353,121.91804551482403,80.6,88.0,12.0,8.05
1097,provideniya,ru,49.64318888275892,-172.02798154569894,31.95,97.0,92.0,45.34
1098,albany,au,-72.8313896622176,118.02355495461921,63.09,89.0,92.0,12.8
1099,port lincoln,au,-47.436085883638015,131.06215620120793,58.82,100.0,0.0,5.64
1100,tashla,ru,51.895894539354,52.25771482861978,24.8,92.0,75.0,6.71
1101,jamestown,sh,-23.491394547672456,-15.958130750206323,74.12,100.0,68.0,14.25
1102,mount isa,au,-21.81524265051749,138.79730092229016,73.4,64.0,0.0,5.82
1103,ponazyrevo,ru,58.520726910981324,46.123182693812765,6.17,72.0,12.0,2.73
1104,port alfred,za,-76.04205632135128,41.71714733191274,66.96,90.0,24.0,10.78
1105,severo-kurilsk,ru,32.539983858449546,167.1365709711581,23.85,100.0,64.0,6.31
1106,diapaga,bf,11.833600733755404,0.9186047801544248,80.91,46.0,12.0,1.16
1107,rabat,ma,34.122595063270055,-7.386393868938541,55.4,58.0,40.0,3.36
1108,east london,za,-62.824669127799055,47.14325058851128,69.3,100.0,68.0,13.24
1109,jamestown,sh,-40.38107854604894,-9.188339817631316,74.12,100.0,68.0,14.25
1110,bethel,us,42.339633250855655,-170.45084417100793,15.8,78.0,1.0,5.82
1111,avarua,ck,-42.51325939238874,-163.7871874175888,82.4,78.0,40.0,8.05
1112,barrow,us,88.05471092584156,-166.38577293122296,49.3,37.0,40.0,5.82
1113,hermanus,za,-63.80234001952583,14.029477298722043,58.64,76.0,0.0,5.86
1114,chuy,uy,-51.980939223965464,-34.826121102017,70.29,73.0,0.0,6.76
1115,tuktoyaktuk,ca,75.66240245383298,-128.81457748416872,-0.08,76.0,20.0,5.82
1116,thinadhoo,mv,1.4211729845175682,68.76902590315791,84.2,100.0,88.0,14.25
1117,avarua,ck,-68.4874432675908,-166.03987718555163,82.4,78.0,40.0,8.05
1118,palma del rio,es,37.55828334706081,-5.370585617060129,52.99,66.0,0.0,5.19
1119,kodiak,us,41.73827228619939,-161.12461277091566,64.4,27.0,1.0,14.99
1120,yellowknife,ca,78.03442574140982,-106.36816349553558,-2.21,53.0,20.0,3.36
1121,port hedland,au,-24.760595021622493,119.3864190593647,80.6,88.0,12.0,8.05
1122,coquimbo,cl,-27.91558571556451,-74.40372723091346,66.2,63.0,0.0,12.75
1123,ahipara,nz,-34.6715675038624,168.41973456138476,66.24,96.0,36.0,5.97
1124,busselton,au,-85.23201326110629,85.2500132873866,65.75,100.0,44.0,16.15
1125,yamada,jp,39.43675881555549,143.74041735407616,44.6,100.0,75.0,11.41
1126,jaru,br,-10.815676518727543,-62.974169196437146,87.75,66.0,12.0,2.28
1127,georgetown,sh,-19.349249399899733,-22.55133697433496,78.3,100.0,92.0,11.01
1128,matagami,ca,49.37693893383067,-77.33291766509518,24.8,53.0,1.0,14.99
1129,busselton,au,-64.37016133983082,99.98264259213397,65.75,100.0,44.0,16.15
1130,castro,cl,-56.7481947958674,-108.47733272628575,55.35,97.0,100.0,10.67
1131,thompson,ca,76.51289987124298,-92.63877750887622,14.0,47.0,5.0,9.17
1132,ketchikan,us,47.27656673838041,-136.91325275821475,45.23,75.0,75.0,6.93
1133,benguela,ao,-13.528221565506357,13.011236813346756,79.56,100.0,20.0,5.86
1134,rikitea,pf,-75.28029007878973,-140.18991526234433,78.62,100.0,80.0,12.8
1135,hilo,us,9.845826869753651,-142.79565528465704,77.0,69.0,90.0,9.17
1136,carnarvon,au,-31.75730416140803,91.8041544491681,78.3,93.0,44.0,8.1
1137,hobart,au,-82.28928814514335,144.88905548054936,55.4,87.0,75.0,6.93
1138,ribeira grande,pt,29.45584895481538,-39.10825038585892,62.64,98.0,20.0,12.24
1139,whitianga,nz,-34.10488761771023,178.23698755089544,67.14,100.0,92.0,14.03
1140,cape town,za,-50.9617366310767,2.0794941741358457,66.2,63.0,0.0,12.75
1141,chuy,uy,-37.24478579753735,-50.066944357675766,70.29,73.0,0.0,6.76
1142,rocha,uy,-44.016515970961166,-46.76606073040975,69.57,53.0,0.0,5.41
1143,bethel,us,45.21617051654661,-161.95819862296048,15.8,78.0,1.0,5.82
1144,punta arenas,cl,-83.60902195022975,-112.12417653138117,53.6,46.0,0.0,18.34
1145,albany,au,-80.91041130993831,109.45895242605809,63.09,89.0,92.0,12.8
1146,hithadhoo,mv,-7.792856134567614,84.0065950698471,83.75,100.0,76.0,12.68
1147,surt,ly,29.908802580049326,18.26600065649697,58.19,90.0,0.0,6.53
1148,kruisfontein,za,-48.594537919515574,24.937489784129298,64.35,91.0,0.0,11.23
1149,tuktoyaktuk,ca,78.63064921379245,-123.77940162238806,-0.08,76.0,20.0,5.82
1150,hobart,au,-64.82405284587347,152.7669446593123,55.4,87.0,75.0,6.93
1151,rikitea,pf,-57.33965615998181,-116.14396152162908,78.62,100.0,80.0,12.8
1152,zelenets,ru,61.91435413597159,50.66520529642892,21.6,92.0,80.0,12.24
1153,agadir,ma,31.3829113094733,-12.132720119204691,60.8,67.0,0.0,10.29
1154,torbay,ca,40.8633223697251,-45.667126619270476,28.4,92.0,90.0,23.04
1155,natal,br,-4.026452396883485,-31.561995821013284,86.0,62.0,40.0,14.99
1156,marawi,sd,18.182972093126082,31.582505951508438,74.16,25.0,0.0,3.74
1157,villa carlos paz,ar,-30.510520421025774,-64.65992241827658,84.2,39.0,20.0,13.87
1158,kapaa,us,33.60893219148417,-154.8455402969211,67.78,100.0,90.0,19.46
1159,hobart,au,-87.06565414662875,136.186659521529,55.4,87.0,75.0,6.93
1160,new norfolk,au,-78.55716289201271,131.55280363065594,55.4,87.0,75.0,6.93
1161,vaini,to,-59.6059133158256,-169.83695638403145,73.4,100.0,75.0,5.3
1162,nichinan,jp,30.685677486656076,133.08983453006397,39.2,100.0,0.0,3.96
1163,portland,au,-49.66350659640692,136.87394133589174,55.94,98.0,92.0,4.63
1164,rudsar,ir,36.96660446971255,50.391269765302525,54.32,82.0,0.0,4.7
1165,tuktoyaktuk,ca,87.39994993629196,-140.74036823331835,-0.08,76.0,20.0,5.82
1166,jardim,br,-2.342572740948725,-37.996353153021744,84.78,74.0,44.0,3.85
1167,stornoway,gb,58.35256646512167,-7.5845507321861305,42.8,100.0,90.0,12.75
1168,yeppoon,au,-21.443025608906012,151.5255548945638,73.4,83.0,90.0,10.29
1169,ponta do sol,cv,18.40285804942131,-31.74629443576424,70.34,100.0,0.0,21.85
1170,knoxville,us,35.95718067568191,-83.88505067169939,46.99,42.0,75.0,13.87
1171,busselton,au,-68.39468143826295,88.66707976043153,65.75,100.0,44.0,16.15
1172,port hawkesbury,ca,45.26027785441747,-61.016137253826116,32.0,90.0,90.0,19.46
1173,albany,au,-47.166397948175955,114.15098517074313,63.09,89.0,92.0,12.8
1174,san juan,us,23.848706627276854,-66.2967501339409,82.76,47.0,100.0,14.99
1175,puerto ayora,ec,1.5162520845575216,-90.19602825227553,86.0,62.0,40.0,14.99
1176,dubrovnik,hr,42.410739319081046,18.18471901620677,47.73,75.0,40.0,19.46
1177,nabire,id,-4.520886027505824,136.4705104534297,67.82,87.0,48.0,1.83
1178,jamestown,sh,-33.10983267667473,-5.113144802699708,74.12,100.0,68.0,14.25
1179,ranot,th,8.091609008763214,100.80082527716644,81.0,79.0,92.0,10.22
1180,tazovskiy,ru,70.96496095151193,77.81394148393309,-34.16,62.0,0.0,2.95
1181,christchurch,nz,-46.12654113342417,174.8201414814007,48.2,81.0,92.0,2.24
1182,ryotsu,jp,39.35914033045495,137.65016604961443,43.47,100.0,92.0,8.66
1183,chicama,pe,-10.562091076249956,-83.61642685269554,73.4,78.0,40.0,11.41
1184,weinan,cn,35.54885700817671,109.94410401544644,44.6,78.0,0.0,4.47
1185,cherskiy,ru,86.4473670927874,158.63056295386463,-14.85,66.0,88.0,5.64
1186,atuona,pf,1.9976435294577328,-125.96516255830134,79.34,100.0,100.0,12.91
1187,iqaluit,ca,57.012784053793894,-67.77382017797197,-7.61,63.0,20.0,17.22
1188,busselton,au,-89.24993168325332,82.75347900988999,65.75,100.0,44.0,16.15
1189,butaritari,ki,6.544553046100205,178.04153686674192,82.98,98.0,80.0,16.6
1190,babu,cn,24.85429207754494,111.67215337565449,53.1,96.0,92.0,2.62
1191,nkhotakota,mw,-13.014084490672005,34.3917583273693,71.42,99.0,20.0,2.06
1192,cape town,za,-43.01655241346396,5.230267870363832,66.2,63.0,0.0,12.75
1193,luxor,eg,25.371354129974748,33.7609882931103,86.0,23.0,0.0,3.06
1194,rikitea,pf,-70.18525512841502,-123.37767126627728,78.62,100.0,80.0,12.8
1195,pochutla,mx,13.688512150046037,-96.67510717797114,82.4,69.0,5.0,7.43
1196,severo-yeniseyskiy,ru,62.27502346554698,93.78357581771905,14.99,84.0,68.0,2.39
1197,busselton,au,-86.36785825515669,88.25540745335178,65.75,100.0,44.0,16.15
1198,marsa matruh,eg,27.411715451221724,25.973761803096323,86.0,9.0,68.0,19.46
1199,namibe,ao,-14.206357451447616,9.64961373145644,78.17,100.0,32.0,9.66
1200,bambous virieux,mu,-29.49134741182828,79.2548651169821,80.6,78.0,40.0,6.93
1201,jacareacanga,br,-8.354912130573766,-57.89740712211214,87.8,74.0,20.0,2.06
1202,vaini,to,-82.71829726953173,-171.61509364265274,73.4,100.0,75.0,5.3
1203,jamestown,sh,-27.01414953795647,-4.449054646131401,74.12,100.0,68.0,14.25
1204,ibra,om,21.592189624799843,58.36913132449013,55.71,67.0,0.0,1.95
1205,busselton,au,-80.50473168523236,75.13667722235209,65.75,100.0,44.0,16.15
1206,puerto ayora,ec,-16.439979221706963,-96.64658384509964,86.0,62.0,40.0,14.99
1207,rikitea,pf,-57.52418343133875,-137.7844666127208,78.62,100.0,80.0,12.8
